iter	Logloss
0	0.6226541599
1	0.5786120494
2	0.5413234234
3	0.4874153932
4	0.458696564
5	0.4238808155
6	0.4051685333
7	0.3866441647
8	0.3607867559
9	0.344474713
