iter	Logloss
0	0.6146358559
1	0.5737466074
2	0.5175673298
3	0.4785682724
4	0.4439322442
5	0.4097434841
6	0.3839155571
7	0.3711626538
8	0.3495093111
9	0.3292599515
