iter	RMSE
0	69670.0681
1	62659.34384
2	56619.44537
3	53170.23009
4	49628.98342
5	48416.87874
6	46670.23338
7	45250.95919
8	44447.18017
9	43594.85478
