iter	Logloss
0	0.6273237513
1	0.5807584833
2	0.5415455546
3	0.515044546
4	0.4799269293
5	0.4515003395
6	0.4223268587
7	0.4059317109
8	0.3865249446
9	0.3703095636
