iter	Logloss
0	0.6514044843
1	0.5893909279
2	0.5545585242
3	0.5190644295
4	0.4798788992
5	0.4466056739
6	0.4311691413
7	0.4084102167
8	0.3881595752
9	0.3777808949
