iter	RMSE
0	72701.40433
1	59817.72374
2	54584.56305
3	51848.08441
4	49098.25538
5	48022.61248
6	46094.67731
7	44981.43904
8	44124.06143
9	43407.55053
